JobSatisfaction,Attrition
1,0.22837370242214533
2,0.16428571428571428
3,0.16515837104072398
4,0.11328976034858387
