OverTime,Attrition
No,0.10436432637571158
Yes,0.30528846153846156
