Department,Attrition
Sales,0.2062780269058296
Human Resources,0.19047619047619047
Research & Development,0.1383975026014568
